AFG,Afghanistan,0,0,2
AHO,Curacao,0,1,0
ALB,Albania,0,0,0
ALG,Algeria,5,4,8
AND,Andorra,0,0,0
ANG,Angola,0,0,0
ANT,Antigua,0,0,0
ANZ,Australia,20,4,5
ARG,Argentina,91,92,91
ARM,Armenia,2,5,9
ARU,Aruba,0,0,0
ASA,American Samoa,0,0,0
AUS,Australia,348,455,517
AUT,Austria,108,186,156
AZE,Azerbaijan,7,12,25
BAH,Bahamas,14,11,15
BAN,Bangladesh,0,0,0
BAR,Barbados,0,0,1
BDI,Burundi,1,1,0
BEL,Belgium,98,197,173
BEN,Benin,0,0,0
BER,Bermuda,0,0,1
BHU,Bhutan,0,0,0
BIH,Bosnia and Herzegovina,0,0,0
BIZ,Belize,0,0,0
BLR,Belarus,24,44,71
BOH,Czech Republic,0,1,11
BOL,Boliva,0,0,0
BOT,Botswana,0,1,0
BRA,Brazil,109,175,191
BRN,Bahrain,1,1,1
BRU,Brunei,0,0,0
BUL,Bulgaria,54,144,144
BUR,Burkina Faso,0,0,0
CAF,Central African Republic,0,0,0
CAM,Cambodia,0,0,0
CAN,Canada,463,438,451
CAY,Cayman Islands,0,0,0
CGO,Republic of Congo,0,0,0
CHA,Chad,0,0,0
CHI,Chile,3,9,20
CHN,China,350,347,292
CIV,Ivory Coast,1,1,1
CMR,Cameroon,20,1,1
COD,Democratic Republic of the Congo,0,0,0
COK,Cook Islands,0,0,0
COL,Colombia,5,9,14
COM,Comoros,0,0,0
CPV,Cape Verde,0,0,0
CRC,Costa Rica,1,1,2
CRO,Croatia,58,54,37
CRT,Greece,0,0,0
CUB,Cuba,164,129,116
CYP,Cyprus,0,1,0
CZE,Czech Republic,42,36,66
DEN,Denmark,179,241,177
DJI,Djibouti,0,0,1
DMA,Dominica,0,0,0
DOM,Dominican Republic,3,2,2
ECU,Ecuador,1,1,0
EGY,Egypt,7,8,12
ERI,Eritrea,0,0,1
ESA,El Salvador,0,0,0
ESP,Spain,110,243,136
EST,Estonia,13,12,25
ETH,Ethiopia,22,9,22
EUN,Russia,127,71,81
FIJ,Fiji,13,0,0
FIN,Finland,198,270,432
FRA,France,501,610,666
FRG,Germany,159,194,233
FSM,Micronesia,0,0,0
GAB,Gabon,0,1,0
GAM,Gambia,0,0,0
GBR,UK,678,739,651
GBS,Guinea-Bissau,0,0,0
GDR,Germany,397,327,281
GEO,Georgia,8,6,18
GEQ,Equatorial Guinea,0,0,0
GER,Germany,745,674,746
GHA,Ghana,0,1,22
GRE,Greece,62,109,84
GRN,Grenada,1,1,0
GUA,Guatemala,0,1,0
GUI,Guinea,0,0,0
GUM,Guam,0,0,0
GUY,Guyana,0,0,1
HAI,Haiti,1,1,5
HKG,China,1,2,1
HON,Honduras,0,0,0
HUN,Hungary,432,332,371
INA,Indonesia,11,17,13
IND,India,138,19,40
IOA,Individual Olympic Athletes,1,1,3
IRI,Iran,18,21,29
IRL,Ireland,9,13,13
IRQ,Iraq,0,0,1
ISL,Iceland,0,15,2
ISR,Israel,1,1,7
ISV,"Virgin Islands, US",0,1,0
ITA,Italy,575,531,531
IVB,"Virgin Islands, British",0,0,0
JAM,Jamaica,38,75,44
JOR,Jordan,1,0,0
JPN,Japan,247,309,357
KAZ,Kazakhstan,20,25,32
KEN,Kenya,34,41,31
KGZ,Kyrgyzstan,0,1,2
KIR,Kiribati,0,0,0
KOR,South Korea,221,232,185
KOS,Kosovo,1,0,0
KSA,Saudi Arabia,0,1,5
KUW,Kuwait,0,0,2
LAO,Laos,0,0,0
LAT,Latvia,3,19,13
LBA,Libya,0,0,0
LBR,Liberia,0,0,0
LCA,Saint Lucia,0,0,0
LES,Lesotho,0,0,0
LIB,Lebanon,0,2,2
LIE,Liechtenstein,2,2,5
LTU,Lithuania,6,7,48
LUX,Luxembourg,4,4,0
MAD,Madagascar,0,0,0
MAL,Malaysia,0,0,0
MAR,Morocco,6,5,12
MAS,Malaysia,0,11,5
MAW,Malawi,0,0,0
MDA,Moldova,0,3,5
MDV,Maldives,0,0,0
MEX,Mexico,30,26,54
MGL,Mongolia,2,10,14
MHL,Marshall Islands,0,0,0
MKD,Macedonia,0,0,1
MLI,Mali,0,0,0
MLT,Malta,0,0,0
MNE,Montenegro,0,14,0
MON,Monaco,0,0,1
MOZ,Mozambique,1,0,1
MRI,Mauritius,0,0,1
MTN,Mauritania,0,0,0
MYA,Myanmar,0,0,0
NAM,Namibia,0,4,0
NBO,Malaysia,0,0,0
NCA,Nicaragua,0,0,0
NED,Netherlands,287,340,413
NEP,Nepal,1,0,0
NFL,Canada,0,0,0
NGR,Nigeria,23,30,46
NIG,Niger,0,1,1
NOR,Norway,378,361,294
NRU,Nauru,0,0,0
NZL,New Zealand,90,56,82
OMA,Oman,0,0,0
PAK,Pakistan,42,45,34
PAN,Panama,1,0,2
PAR,Paraguay,0,17,0
PER,Peru,1,14,0
PHI,Philippines,0,3,7
PLE,Palestine,0,0,0
PLW,Palau,0,0,0
PNG,Papua New Guinea,0,0,0
POL,Poland,117,195,253
POR,Portugal,4,11,26
PRK,North Korea,16,16,35
PUR,Puerto Rico,1,2,6
QAT,Qatar,0,1,4
RHO,Zimbabwe,0,0,0
ROT,NA,0,0,0
ROU,Romania,161,200,292
RSA,South Africa,32,47,52
RUS,Russia,390,367,408
RWA,Rwanda,0,0,0
SAA,Germany,0,0,0
SAM,Samoa,0,0,0
SCG,Serbia,12,26,26
SEN,Senegal,0,1,0
SEY,Seychelles,0,0,0
SIN,Singapore,0,0,0
SKN,Saint Kitts,0,0,0
SLE,Sierra Leone,0,0,0
SLO,Slovenia,8,13,27
SMR,San Marino,0,0,0
SOL,Solomon Islands,0,0,0
SOM,Somalia,0,0,0
SRB,Serbia,15,29,41
SRI,Sri Lanka,0,2,0
SSD,South Sudan,0,0,0
STP,Sao Tome and Principe,0,0,0
SUD,Sudan,0,1,0
SUI,Switzerland,175,248,268
SUR,Suriname,1,0,1
SVK,Slovakia,15,19,13
SWE,Sweden,479,522,535
SWZ,Swaziland,0,0,0
SYR,Syria,1,1,1
TAN,Tanzania,0,2,0
TCH,Czech Republic,81,225,182
TGA,Tonga,0,1,0
THA,Thailand,9,8,13
TJK,Tajikistan,1,1,2
TKM,Turkmenistan,0,0,0
TLS,Timor-Leste,0,0,0
TOG,Togo,0,0,1
TPE,Taiwan,3,28,18
TTO,Trinidad,7,8,17
TUN,Tunisia,3,3,7
TUR,Turkey,40,27,28
TUV,NA,0,0,0
UAE,United Arab Emirates,1,0,1
UAR,Syria,0,1,1
UGA,Uganda,2,3,2
UKR,Ukraine,47,52,100
UNK,NA,0,0,0
URS,Russia,1082,732,689
URU,Uruguay,31,2,30
USA,USA,2638,1641,1358
UZB,Uzbekistan,10,7,17
VAN,Vanuatu,0,0,0
VEN,Venezuela,2,3,10
VIE,Vietnam,1,3,0
VIN,Saint Vincent,0,0,0
VNM,Vietnam,0,0,0
WIF,Trinidad,0,0,5
YAR,Yemen,0,0,0
YEM,Yemen,0,0,0
YMD,Yemen,0,0,0
YUG,Serbia,130,167,93
ZAM,Zambia,0,1,1
ZIM,Zimbabwe,17,4,1
